Subject,Condition,Activity,Time,KE,HR,HRDeriv,Weight,rsol,lsol,rbf,lbf,rsolDeriv,lsolDeriv,rbfDeriv,lbfDeriv,ActiveTime,Predicted_EE
Subject1,Control,Dummy,857.5,0.7414561031874696,28.333333333333332,-0.0369497086202219,61.23,0.0004126509592947867,0.0006084114315372775,0.0001260164950204393,7.052939074505936e-05,1.8948367322666227e-05,3.880753953215449e-05,9.393214391465487e-06,6.183493798322151e-07,0,2.5417706308951518
Subject1,Control,Dummy,872.5,0.4451773563257566,33.2,-0.041592864372873906,61.23,0.0007912156546875657,0.0006700657599230045,0.00016941830942377193,7.899886579308414e-05,1.6387024137430394e-05,-1.2255382278609162e-05,-2.6661049469048537e-06,-3.5072454815989154e-07,15,2.5167282875586734
Subject1,Suit,Dummy,677.5,0.831792149570647,55.4,-0.38597901067860524,61.23,0.0006731072908768715,0.0008068690600921321,0.0002480693408617908,0.00011456564681948862,2.6115212266242377e-05,0.0003327750650016136,2.765933917824668e-06,1.3156992677776248e-05,0,4.451789749400057
Subject1,Suit,Dummy,692.5,0.3703310908883561,57.4,-0.25158186684945266,61.23,0.0005366693121330071,0.0006343613576033763,0.00014452708448053225,8.980070053007549e-05,1.704533533074188e-05,1.5499277718076536e-07,1.164319756384118e-06,-8.575869865622008e-07,15,3.989657610628872
Subject1,Control,Fire,774.5,0.20053716279124773,33.266666666666666,0.38871803775196495,61.23,0.000138739884543765,0.00029464894910027504,4.85057611988755e-05,4.075537975143672e-05,1.6321403572381695e-05,2.569437971992574e-05,1.5975406839013447e-06,1.7145937635214422e-06,0,2.186012202092992
Subject1,Suit,Fire,631.5,0.3234977601529283,55.666666666666664,0.058818878237906186,61.23,0.00023952720178093854,0.00040667794019183653,0.00010266070642103295,7.750594299162681e-05,1.4574721760114423e-05,5.774467124563946e-05,1.1401450449243284e-07,1.1663381288424594e-06,0,3.8124530740961484
Subject1,Control,Jog,152.5,2.353963895184663,43.53333333333333,-0.22968742908721337,61.23,0.0009397042738890768,0.000835972157761569,0.0001624335464871622,9.495340395551198e-05,4.7747939566979844e-05,1.6477390071750035e-05,9.45298728206194e-05,3.026417172250034e-06,0,5.622863208855828
Subject1,Control,Jog,167.5,2.39022219542604,53.53333333333333,0.6594699229201081,61.23,0.0009155758476745318,0.0007671244318258362,0.00017471394107411914,9.980920784318753e-05,4.6090482362352036e-07,5.040294191943159e-06,7.683418351578993e-08,-2.3305214144478872e-07,15,6.409653915241244
Subject1,Control,Jog,182.5,2.342442825810919,67.73333333333333,1.0551646057052684,61.23,0.0008858200507015002,0.0007856223597352447,0.00016940770136858615,9.687858425151329e-05,3.7365913796093103e-06,-2.858093735291555e-06,3.6967248314370445e-06,-1.8527385530621061e-07,30,7.32605393695946
Subject1,Control,Jog,197.5,2.519694411900743,73.86666666666666,0.8269317175079908,61.23,0.0008609342113583975,0.0007412506626312297,0.00016648005381415346,9.557979733015925e-05,-8.788236630565916e-06,-1.5594284614110095e-05,1.1713690911656279e-06,1.7083469999566764e-06,45,7.932943449511753
Subject1,Control,Jog,212.5,2.513438694923636,76.4,0.7613156168346502,61.23,0.0008460143227960684,0.0007285877375913086,0.00015367102358273006,9.315937899834206e-05,7.850635932889575e-06,1.7517551962771582e-05,-5.437293986500696e-07,1.339074452364566e-06,60,8.084879794385794
Subject1,Control,Jog,227.5,2.5750129532698094,82.8,0.4308773091232118,61.23,0.0008577995751364365,0.0007265666080272805,0.0001500941921651566,9.51041183168676e-05,-9.62406390819495e-06,1.3568712855229528e-05,-9.606993032140188e-07,-5.034905900060995e-09,75,8.55770396668325
Subject1,Control,Jog,242.5,2.6195076785007476,87.33333333333333,-0.28661423066544844,61.23,0.0008145863965086025,0.0007051375551290516,0.0001507546008455667,9.694977924809037e-05,3.6268764706277574e-07,1.7379548908514856e-06,-2.357316603767421e-06,-1.477012780826206e-06,90,8.845419136693135
Subject1,Control,Jog,257.5,2.55385055946094,87.46666666666667,0.16307874619461687,61.23,0.0008041477453432121,0.000727774264261817,0.00015105935577820756,9.434040003393567e-05,-9.79668161027449e-06,5.334618465525467e-07,-5.834363126691183e-06,2.070099921983957e-08,105,8.812646604809137
Subject1,Control,Jog,272.5,2.5297126113343382,87.73333333333333,-0.2613499157465575,61.23,0.0007719529364524454,0.0007508327338510097,0.00015472562434688385,9.535469893212243e-05,1.590899786675184e-05,8.660071856205019e-06,4.167738826943917e-07,-3.2275175686665877e-07,120,8.760104476110833
Subject1,Control,Jog,287.5,2.5424771797845582,84.06666666666666,-0.3130870980016549,61.23,0.0008197511271988199,0.000680440432215579,0.0001503109020413184,9.474350146054179e-05,2.2423460163654314e-05,-7.569822549144412e-06,-1.4609494950215298e-06,1.02710262303571e-06,135,8.527664425767327
Subject1,Control,Jog,302.5,2.531956361157845,83.8,-0.6584817287543907,61.23,0.0007771198422684724,0.0007261982593043686,0.00014384016975745053,9.335037940157859e-05,-1.3030836588262858e-05,-9.981241133734882e-06,2.8604715632819907e-06,-3.7054861562925563e-09,150,8.464199965376562
Subject1,Control,Jog,317.5,2.630169419904972,83.0,-0.3146248767959019,61.23,0.0007806087730988354,0.0006946060097807452,0.0001503396233475027,9.717485534903309e-05,-5.128658253549796e-06,4.879165861712314e-06,5.79000539780199e-07,3.6855286534983707e-07,165,8.56632418982863
Subject1,Control,Jog,332.5,2.65087685095464,84.53333333333333,0.08466970841943496,61.23,0.0007942043513636709,0.0006909590892609313,0.0001401496557869763,9.857408021291255e-05,1.281746448127119e-05,-6.4571249989090356e-06,-1.1202172905086875e-06,1.5272016885731795e-07,180,8.731168982449402
Subject1,Control,Jog,347.5,2.6186983210924017,84.4,0.13585296063937657,61.23,0.000777072755093485,0.0007539713500586624,0.0001431657799129608,9.874184539183467e-05,8.825914900389963e-06,-4.23998466215475e-06,2.3801563097235803e-06,8.671947565460617e-07,195,8.688320361950868
Subject1,Suit,Jog,118.5,1.4301597960073993,43.0,0.2782158474085865,61.23,0.0016223054084168198,0.0011294432681504061,0.00021062804408698388,0.00016892991937980163,6.51051800714654e-05,0.0001698758733508176,8.051541920600605e-05,6.132865976320382e-06,0,4.522381573200856
Subject1,Suit,Jog,133.5,1.5360262522599257,51.2,0.5108296226781078,61.23,0.0018674905571753925,0.0010779392833442127,0.00020875624913186587,0.00014114343407382245,-3.6892549353025016e-05,-1.4070690369077883e-05,5.502480185563954e-07,4.2376547563817795e-07,15,5.233707528150939
Subject1,Suit,Jog,148.5,1.4982448147138403,49.46666666666667,0.29580868366001967,61.23,0.0018449664410518222,0.0011256876648267852,0.00021828726055306483,0.0001453598860866497,3.636364622943088e-05,3.845450919455051e-06,-8.257726553742018e-06,2.793629922412795e-07,30,5.052525823577222
Subject1,Suit,Jog,163.5,1.5477484554139338,53.46666666666667,-0.1922025804784333,61.23,0.0017667332205222822,0.001161069684797883,0.0002523109301384974,0.00015388161759393172,-1.6673913535525988e-05,2.2888052920901936e-05,2.8842245025660675e-06,4.128050965168524e-06,45,5.3345070244407635
Subject1,Suit,Jog,178.5,1.5937542511969687,56.8,0.33293616023262546,61.23,0.00159856173756926,0.001185197962706613,0.0002479107077970519,0.00016286931580306165,8.106566947892294e-06,-3.530707725082421e-05,-9.206293438005463e-06,6.921672830786918e-07,60,5.653021978558812
Subject1,Suit,Jog,193.5,1.612860644928869,58.46666666666667,1.470788193396189,61.23,0.0016040826895538363,0.0010764990713227067,0.00024711800282868607,0.0001784180216649428,-1.8679591523869612e-05,1.1001893924287437e-05,2.7357772174893487e-06,-2.6278704558190427e-06,75,5.8876827595805565
Subject1,Suit,Jog,208.5,1.5975849424757924,60.2,0.8428704704655491,61.23,0.0018561660789429832,0.0010967218554053877,0.0002407759081500221,0.00017100864172431962,-3.1509128073126146e-05,-1.8197556058988756e-05,-1.0748606082939884e-05,-9.577701875288318e-07,90,5.94162994063955
Subject1,Suit,Jog,223.5,1.4771263647736999,62.6,0.7474688374054608,61.23,0.002082920419218549,0.0010836353655896997,0.00027829761611563366,0.00017440375633417503,6.6539626468361075e-06,2.0742988294448963e-05,8.605966171851634e-06,-2.855742383846391e-06,105,5.954342773817255
Subject1,Suit,Jog,238.5,1.6705646446661122,66.2,0.22635632843765693,61.23,0.0019774128539115487,0.0010617348232458837,0.0002758507503190194,0.0001722590242345148,3.687639040034047e-05,-1.0603714735377382e-05,-2.3894134321582422e-06,-3.020984201411497e-06,120,6.382981032383268
Subject1,Suit,Jog,253.5,1.4017135269315513,69.06666666666666,-0.4074869374496896,61.23,0.0018226610165747608,0.0009242020023252184,0.00035135193124320567,0.0001669113038618805,-1.0735664631779176e-05,-1.3774201434287193e-05,-2.2926499594729306e-06,6.907021445615595e-07,135,6.161185969102689
Subject1,Suit,Jog,268.5,1.6577579206737398,71.53333333333333,-0.21953359158662508,61.23,0.0018837227071029881,0.0009311305277706253,0.0002670944525841158,0.00019402856743295678,5.33964460788245e-06,2.273376441129966e-06,1.274582997032575e-06,1.5790411464569762e-06,150,6.667755944999887
Subject1,Suit,Jog,283.5,1.450689230015835,73.93333333333334,0.08852450795506313,61.23,0.002103141526819495,0.0008499043449487529,0.0003247578688514888,0.00013867624214575265,-3.097802615410132e-05,-8.278944533142444e-06,2.7119372365132336e-06,-2.3530331833214633e-06,165,6.60336622837947
Subject1,Suit,Jog,298.5,1.2354896453440913,76.46666666666667,-0.07759610769335747,61.23,0.0016041409979609257,0.0008441048746528487,0.00034007918941948495,0.000119801763608515,1.1902388552721372e-05,-1.6968457126563637e-06,-2.8170758017874884e-07,7.591848726942635e-07,180,6.4525999694607075
Subject1,Suit,Jog,313.5,0.07873017099372603,77.0,0.0,61.23,0.0004004572779602665,0.00043470528166317674,1.5861595266999486e-05,8.84887631587526e-06,5.535379409139837e-07,4.146227423405567e-06,6.78089318893778e-07,-2.016075423204903e-07,195,4.917364201342914
Subject1,Control,Stairs,1042.5,0.6621300427411712,28.125,-0.11208657116880381,61.23,0.0006267021522691773,0.0007132218318745741,6.32094493023832e-05,4.061310259698392e-05,-9.176113363175088e-07,0.00020181405724993654,2.517757630162014e-06,1.1500382343217035e-06,0,2.4350399079260594
Subject1,Control,Stairs,1057.5,0.7367099188562117,35.2,-0.43602924818593836,61.23,0.0004896610297272155,0.0006879498692256523,6.275610102734283e-05,3.717376998680927e-05,-7.263995807395903e-06,6.612177144630117e-06,-2.7818906078171957e-07,-1.306854218034756e-07,15,2.959499196043045
Subject1,Control,Stairs,1072.5,0.83315157926445,51.2,-0.3019569293455958,61.23,0.00045093673466725366,0.0005234796241008117,5.9499638745473927e-05,3.077429304289129e-05,1.0210068672784013e-05,1.1775662224905476e-05,9.136679960138028e-07,-2.7646573695762943e-07,30,4.144888187666275
Subject1,Control,Stairs,1087.5,0.6815485747146909,60.6,-0.2294153643231149,61.23,0.00042865891424612634,0.0006304127138586361,5.338683571326523e-05,3.451164366126832e-05,-1.3655155904992079e-06,-2.9233415364315145e-06,8.966417710324653e-07,6.418426411286839e-07,45,4.586392125424936
Subject1,Control,Stairs,1102.5,0.6150205703790321,66.86666666666666,-0.14316943606575241,61.23,0.0005010256671762899,0.0006873607888655072,6.431997113957551e-05,5.1342348315146674e-05,3.7588238389755564e-06,8.923122070288533e-06,1.2977531466601522e-06,-2.6807893088633584e-07,60,4.933696890757933
Subject1,Control,Stairs,1117.5,0.7524145357265504,66.6,-0.14021239403130456,61.23,0.00037092334978982026,0.0005077971429145292,6.236696420037296e-05,3.215045303271426e-05,-2.1409920727238375e-06,1.852287215821081e-06,6.521555197834731e-07,-3.5658767956909236e-07,75,5.073380429312354
Subject1,Control,Stairs,1132.5,0.7141580497579935,64.33333333333333,0.12306092185131322,61.23,0.0003741154329706683,0.0005253480161391005,4.469967511661991e-05,2.703926991793525e-05,-1.8453369826668344e-06,4.6267329830547946e-06,-1.3242058662854403e-07,-9.315440768599184e-08,90,4.898778598652714
Subject1,Control,Stairs,1147.5,0.35399008176970836,66.625,0.15515596885701366,61.23,0.0001480490961997892,0.0003160259129058614,2.3655357834453417e-05,1.7736415348924312e-05,-8.726851564881208e-07,2.5835439125425534e-06,-6.558683609338243e-07,-2.2986077559269092e-07,105,4.571892964382369
Subject1,Suit,Stairs,812.5,0.45624658525855977,54.86666666666667,-0.20427270181885,61.23,0.0005338804537114047,0.0006804886813426182,8.156694248361266e-05,5.3186661481197124e-05,5.2609282077738646e-05,2.469250117895749e-05,3.945822198067014e-06,5.551978297041957e-06,0,3.933224164009726
Subject1,Suit,Stairs,827.5,0.5941469759847899,63.57142857142857,-0.35913688938800836,61.23,0.0005464938787899221,0.0006068388089177863,8.166518887022851e-05,5.157095059052078e-05,2.089344844120615e-06,-6.709652958512624e-06,-2.919327991035822e-07,-3.103726099657006e-08,15,4.668533047971672
Subject1,Suit,Stairs,842.5,0.517540013334493,81.5625,-0.2505430196313218,61.23,0.0004740246424108348,0.0005314598273664519,5.4753443514287046e-05,2.942317221394977e-05,9.803639164964434e-06,1.1956202479438124e-05,-4.683229617004564e-10,-5.510690752295286e-07,30,5.764943898349414
Subject1,Suit,Stairs,857.5,0.5236768173298763,89.66666666666667,-0.44050823986305543,61.23,0.0006051032672287885,0.0007365772223804063,9.142349403251071e-05,5.296175621546631e-05,-1.5172066359795727e-06,-6.211907223907732e-06,-1.7669706213298156e-06,7.138737589112126e-07,45,6.312973472123571
Subject1,Suit,Stairs,872.5,0.5585368146395034,89.66666666666667,-0.16527719045522657,61.23,0.0004196247232981039,0.0005153541543216548,6.563223445891323e-05,4.18784546657086e-05,4.574045337062249e-06,5.23747635936663e-06,-2.0889682492938733e-07,-8.354453301979791e-07,60,6.359031358600467
Subject1,Suit,Stairs,887.5,0.5441776415553787,92.33333333333333,0.07205422828626531,61.23,0.0004553641731603127,0.0006017028410344866,5.922829429873882e-05,4.122315372250872e-05,-2.6463439681662194e-06,2.6856224708558986e-06,1.4189668012782637e-06,2.852933227062508e-07,75,6.545512027007791
Subject1,Suit,Stairs,902.5,0.49695685841248716,93.86666666666666,-0.13071108387468963,61.23,0.000543301241343144,0.0006612610443814032,7.513275000884191e-05,4.682428005308144e-05,-1.640728987274271e-06,-2.3820976776426057e-06,-1.1250107985989888e-07,-9.737914941703573e-07,90,6.577829947535853
Subject1,Suit,Stairs,917.5,0.5522127662629932,94.2,-0.21082620465860857,61.23,0.0003536957399132012,0.00039117162358758375,4.615098048499469e-05,2.538350830232803e-05,2.378627150885878e-06,-3.438489303897187e-06,9.162823990051174e-07,-1.2701271495316998e-07,105,6.636267866933141
Subject1,Control,Walk,1255.5,0.6174172169422913,35.666666666666664,-0.4189932624528429,61.23,0.0003637270265072836,0.0004467274065870405,7.063447322827333e-05,4.6519884863196875e-05,4.521163851052143e-05,1.4462604977148447e-05,6.092317677093902e-07,3.158719711449722e-05,0,2.8220280855940567
Subject1,Control,Walk,1270.5,0.6286277942612459,37.6,0.005470673360674948,61.23,0.0003654267108382611,0.00043758761869027184,6.629458566508514e-05,4.7732252247779206e-05,-4.669618721048322e-06,5.23334108312588e-06,-3.062964697778499e-07,5.000261958426809e-07,15,3.0029361714648033
Subject1,Control,Walk,1285.5,0.6422228917805634,39.333333333333336,-0.01040927979927819,61.23,0.0003640477329803828,0.00045771211328292035,6.36782852533503e-05,5.0629611749043653e-05,-1.7065778332003469e-06,-1.7726588195129883e-06,-7.045699102467301e-07,2.815545145988356e-07,30,3.134534865270652
Subject1,Control,Walk,1300.5,0.6335963112325356,37.2,-0.012851941402457904,61.23,0.00035979785109981126,0.0004376723415779109,6.324964110371949e-05,4.879511787283633e-05,3.7666159497621478e-06,-5.535311817483191e-06,5.712563834525964e-07,-1.6632608446577533e-07,45,2.980572057652701
Subject1,Control,Walk,1315.5,0.64306685714377,34.2,0.09716882844054398,61.23,0.00035630699915942677,0.0004306382576387224,6.588560090985624e-05,4.545109583292586e-05,2.0402339623604317e-06,-7.633786983641222e-07,6.055572187732116e-07,1.3535819595426007e-07,60,2.8031594114472593
Subject1,Control,Walk,1330.5,0.6448109376220365,34.06666666666667,0.25248175851343146,61.23,0.00036054063960282926,0.0004282769556441593,6.736367219971996e-05,4.66689332396799e-05,-1.7149587852273508e-07,3.4618339091014937e-06,-1.6852292752928972e-06,1.2571712572052183e-06,75,2.811019075862471
Subject1,Control,Walk,1345.5,0.6459428818345188,35.4,-0.023019000340187994,61.23,0.0003633743900167992,0.0004660135915103191,6.995393835787943e-05,5.038380296651703e-05,-6.090468692114011e-06,4.53282835946481e-06,-8.269588386652997e-07,2.669171949011146e-07,90,2.8778146158178224
Subject1,Control,Walk,1360.5,0.6359915551861508,37.86666666666667,0.03780011423684821,61.23,0.00033244545756937205,0.00042451464696510705,6.34397224434041e-05,5.0829954944855414e-05,-2.5438962422038953e-06,-1.9853120784657955e-06,1.068662990560325e-06,1.657457591135869e-08,105,3.0302313920662796
Subject1,Control,Walk,1375.5,0.6379690145111735,38.0,0.33813956151955493,61.23,0.0003370170831822019,0.0004347977734124204,6.42562519482402e-05,4.768697011966465e-05,3.710367869225394e-07,2.6263867517028284e-06,-1.6782403991764772e-06,1.54910391517321e-07,120,3.0698705548618674
Subject1,Control,Walk,1390.5,0.6405011673845394,38.8,-0.02513861123971714,61.23,0.0003473385864410094,0.0004264116363663315,6.953252159111596e-05,4.601502315041404e-05,1.7443587606926731e-06,1.1829922314446614e-05,1.001893152351956e-06,7.80018764209692e-08,135,3.093244554299268
Subject1,Control,Walk,1405.5,0.6425429311310225,41.53333333333333,-0.012934642386177742,61.23,0.00039193733658263126,0.0004106997838825137,6.803710389963785e-05,4.4784271650332535e-05,1.7728887436128024e-07,7.59224613229795e-07,-2.574910546814643e-06,1.7791811036777138e-07,150,3.2801486229268573
Subject1,Control,Walk,1420.5,0.6399050609085286,41.666666666666664,-0.013359076242947717,61.23,0.00033724148840416217,0.00043962159388919977,6.410413593594689e-05,4.625812046455036e-05,1.9514710647656707e-06,-7.913838925193998e-06,-5.937502252626423e-07,8.731523622237669e-07,165,3.2835035003357014
Subject1,Control,Walk,1435.5,0.6447377099378264,39.86666666666667,-0.012726963066902767,61.23,0.00035860946043180783,0.0003910758573775717,5.947537087682546e-05,4.0867138047325483e-05,3.080707598491912e-06,-5.269960520468423e-06,2.637943779868586e-07,8.844800970428026e-07,180,3.1689305383564834
Subject1,Control,Walk,1450.5,0.6416186675720524,38.733333333333334,-0.011448965078643571,61.23,0.00034215034772126687,0.00046105365261263446,6.652428866725641e-05,4.5140461637140046e-05,3.5658942785870538e-06,8.539952091037983e-06,-1.3445461351778976e-06,1.0415340433254595e-06,195,3.0926818781633916
Subject1,Control,Walk,1465.5,0.6482357785779365,35.0,-0.019162000720746666,61.23,0.0003584914414160518,0.000432526598935618,5.959506908350986e-05,4.297400616427528e-05,4.157262890751622e-06,1.0019120113793886e-05,9.398233628932386e-07,-1.1045145227869753e-06,210,2.8519899578815897
Subject1,Control,Walk,1480.5,0.6508368425808211,33.4,0.22325453393073388,61.23,0.0003201289769136579,0.00047965811000356035,6.606480842586578e-05,4.2586124536537795e-05,3.9280317354544086e-06,9.236006863641745e-06,-9.833579601838012e-07,1.5658055796427377e-07,225,2.771584058589645
Subject1,Control,Walk,1495.5,0.6517009807978791,33.0,0.046195876629214226,61.23,0.00037419150083362377,0.0004148690033572634,6.255768654801195e-05,4.2355145321445304e-05,5.569726354908884e-06,3.453989608340695e-06,-3.970715612654246e-07,3.885036528031114e-07,240,2.729946516264339
Subject1,Control,Walk,1510.5,0.6424154203804947,32.6,0.21943225871208927,61.23,0.0003084203573048911,0.0004218910912329207,6.063867034585483e-05,3.9348235983016904e-05,-1.8262911690513298e-06,-2.7431318857371545e-06,-1.1019517289072574e-06,8.182881033488659e-07,255,2.703675319060226
Subject1,Control,Walk,1525.5,0.6353620284409263,32.642857142857146,0.06420559231042663,61.23,0.0003283315120656747,0.00040223486807340413,6.105758173868226e-05,4.380911160030908e-05,-3.522081737801929e-06,5.39151028877167e-06,-1.543943376148188e-07,9.172913816488632e-07,270,2.6837389856680893
Subject1,Control,Walk,1540.5,0.6420622510877726,35.4375,-0.007942940381486447,61.23,0.0003503291799621812,0.0004200798095747073,7.478363926651744e-05,4.192571100515303e-05,3.763429374847562e-06,-6.669051004252493e-07,2.6152899139090717e-07,-4.1215501756011587e-07,285,2.8737678712340804
Subject1,Control,Walk,1555.5,0.6338283481773723,34.4,0.10757638970299198,61.23,0.00032386730740090907,0.00041086788820232086,6.655212627074078e-05,4.538864277407702e-05,-1.269377916879575e-06,2.2627310595137425e-06,-6.043490006409692e-07,2.618865617458642e-07,300,2.8027565844462625
Subject1,Control,Walk,1570.5,0.6282541739860539,35.06666666666667,0.2538423324113408,61.23,0.00030802054468794063,0.00045047758548579273,6.719727443323264e-05,4.198245102010784e-05,2.1937415187386334e-06,-6.7565231775656276e-06,-8.597841124588854e-07,2.284253633376674e-07,315,2.8542009798419414
Subject1,Control,Walk,1585.5,0.6448717151543348,37.733333333333334,-0.10836264104111244,61.23,0.00034494535523116294,0.0004199074114555294,5.746793162423572e-05,4.234947979391445e-05,1.6687277595196217e-06,-1.8759304976414247e-06,-8.403955181772937e-08,-6.534799631604976e-07,330,3.0193059079996782
Subject1,Control,Walk,1600.5,0.6419152032712054,39.4,0.1261463934712768,61.23,0.0003105920116185278,0.00044604029945643185,6.222536198769456e-05,4.347775952461622e-05,-2.7691819135341682e-06,3.579314766732492e-06,-9.213321931254287e-08,7.270890728749246e-07,345,3.1470165422793652
Subject1,Control,Walk,1615.5,0.6627160275236842,39.46666666666667,0.10100827279396264,61.23,0.0003409506481316293,0.000428281952845405,5.907747595463418e-05,4.463542133511247e-05,-1.2779119797137396e-06,3.67903070607186e-06,-3.7978631124859766e-07,-2.1039463913656025e-07,360,3.17641010208858
Subject1,Suit,Walk,1004.5,0.5739206137960108,68.53333333333333,-0.0184882496847101,61.23,0.00042024843568211833,0.0004240155570439588,5.986907286211974e-05,5.973414687001502e-05,4.700496216503283e-06,2.0961804664570908e-05,1.123697494468198e-05,8.401257700254717e-07,0,4.986000975713018
Subject1,Suit,Walk,1019.5,0.579452998666635,69.53333333333333,-0.01957742741321517,61.23,0.0004176889787125686,0.0004113510971633107,5.708037278645484e-05,4.623110670068565e-05,-1.1069630415001056e-06,4.27777018167458e-06,-9.77854818266867e-07,-2.0561262517703634e-08,15,5.058026327899166
Subject1,Suit,Walk,1034.5,0.5653551919367071,71.53333333333333,-0.020626957283041942,61.23,0.0004153415486400822,0.0004011211323832265,5.7487607026949675e-05,4.757859919389048e-05,6.85315633979609e-06,-3.720016308936816e-06,5.547402549380166e-08,-9.20056079411066e-08,30,5.172135591477564
Subject1,Suit,Walk,1049.5,0.5742967445990439,71.0,-0.021649934211047637,61.23,0.0004255358251095789,0.0003815047703866007,5.538720138890929e-05,4.768788107879935e-05,4.845031554525358e-06,-6.3293426767968165e-06,1.256733023492196e-06,-4.608024320441564e-07,45,5.147596810080557
Subject1,Suit,Walk,1064.5,0.5777640170556635,71.8,-0.02220558758371383,61.23,0.00044186641007474246,0.00041425118117813513,5.9656278695934656e-05,4.4019734608234946e-05,7.953011627452325e-07,2.942110282212666e-06,1.6290331651489843e-07,1.1382763278704151e-07,60,5.207680923864953
Subject1,Suit,Walk,1079.5,0.5636883372159477,74.4,-0.04315605447767372,61.23,0.00043519616846388043,0.00042031094394369466,5.4031863759060775e-05,4.661810946136992e-05,-2.7469809998698117e-06,1.674233825604583e-06,-4.7123119953942103e-08,3.7102707626405356e-07,75,5.360069688094949
Subject1,Suit,Walk,1094.5,0.5700018502294798,74.46666666666667,0.3186934301099323,61.23,0.00042863821057081053,0.00039744301384309316,5.526530830557356e-05,4.376760203787463e-05,1.5069194568484168e-06,4.104233314298978e-07,4.8610694481275014e-08,8.316162759119006e-07,90,5.404183614727147
Subject1,Suit,Walk,1109.5,0.576349911261932,72.66666666666667,0.1986717293026537,61.23,0.0004239802649201407,0.00039875410993249336,5.491776973778615e-05,4.343588786119221e-05,-4.990426961515177e-06,-4.233947527141859e-06,1.267201112432571e-06,9.807645574105656e-07,105,5.2815756388791275
Subject1,Suit,Walk,1124.5,0.5716841989661768,73.06666666666666,0.039386038836009774,61.23,0.0004092359155822883,0.0004233938163171163,5.729258816878081e-05,4.3203384194357236e-05,-2.5958357375760783e-06,2.6924616499263683e-06,-9.955008792214357e-07,-1.203440677311206e-06,120,5.287956070816318
Subject1,Suit,Walk,1139.5,0.5785371015427143,73.06666666666666,-0.02820153024078804,61.23,0.00043923097745330594,0.00038403055224093017,4.6949808838485176e-05,3.751532017210522e-05,-4.728697068499539e-06,2.832609062655215e-06,-5.457666747595811e-08,-7.084423862846928e-08,135,5.289792827986696
Subject1,Suit,Walk,1154.5,0.56973138913259,73.13333333333334,-0.027614962873249046,61.23,0.00041579815441600596,0.00039819846307952747,5.5229643375551994e-05,4.3903140518739714e-05,-7.181733988455705e-07,9.37109616899698e-08,-3.8842654950940447e-07,-1.0475536391827785e-06,150,5.282873874649666
Subject1,Suit,Walk,1169.5,0.5627558320291643,72.6,-0.04362882263259358,61.23,0.0004352727375092292,0.0004247249163793941,5.706106830026284e-05,5.749271239094662e-05,-3.0399894540908616e-07,-6.863361866045096e-06,-4.925650010545357e-07,4.4209851569804227e-07,165,5.240065426882024
Subject1,Suit,Walk,1184.5,0.5749794114555355,73.66666666666667,-0.37659870471390583,61.23,0.00041256596327647415,0.0003977552075822581,4.712731713498831e-05,4.3170509387633956e-05,1.1943301267230512e-06,5.565225423471779e-06,6.046798461925581e-08,4.237400394913721e-07,180,5.292289052454167
Subject1,Suit,Walk,1199.5,0.556850531908431,74.13333333333334,-0.017682134359097983,61.23,0.00041208738317394684,0.0004189578845094989,5.582364491475928e-05,4.3278524727050596e-05,3.835189811518802e-06,3.041397749822954e-06,-1.5585920024600308e-06,-6.320772644486014e-07,195,5.334561768560424
Subject1,Suit,Walk,1214.5,0.5631051447481109,73.86666666666666,-0.029550907239435646,61.23,0.00039314289353565326,0.0004215462203153901,4.692934835230391e-05,4.2474115132526526e-05,-1.4942122457466238e-06,-1.4178264581219482e-06,-3.6171429252314796e-07,2.308846028201803e-06,210,5.322260857088773
Subject1,Suit,Walk,1229.5,0.5733104157219548,71.26666666666667,-0.03147614137113346,61.23,0.00041198606507313984,0.0004200765092524345,5.304498080165294e-05,4.407880767700399e-05,5.666904313253632e-07,2.7905365093067576e-06,-9.252923794771344e-07,-1.443161648090717e-07,225,5.163957420084324
Subject1,Suit,Walk,1244.5,0.5487042739324762,71.93333333333334,0.09427733207327171,61.23,0.00040001645072955226,0.00044102475624321875,5.726422772957644e-05,4.2149922211739346e-05,3.979744523729137e-06,1.8207119105665467e-06,-3.9267634882091636e-07,-4.3619312187387895e-07,240,5.18892249610022
Subject1,Suit,Walk,1259.5,0.5783114082458493,72.4,0.21884648689827993,61.23,0.00041431066865173097,0.00039180152251286105,5.034035061308809e-05,4.5621030825807004e-05,-6.441021968763497e-06,7.62972916181986e-06,-7.083766921005317e-07,-4.750498368586785e-07,255,5.267148670288751
Subject1,Suit,Walk,1274.5,0.5697913586999158,70.66666666666667,-0.04719531720694816,61.23,0.00040637425557600267,0.0004374400069860659,4.8200887423273415e-05,5.343217825766524e-05,6.11803121981024e-06,-4.4476811208807405e-06,5.363744510600834e-07,2.3664993688655693e-07,270,5.118756243398932
Subject1,Suit,Walk,1289.5,0.575110983682153,70.6,0.19549543190632349,61.23,0.0004057320537085911,0.000406336566901666,5.445946701946807e-05,4.673053393071281e-05,1.8714017041901204e-06,1.1011598168419968e-05,-7.859233973047631e-07,-6.693185191860193e-08,285,5.141929697970589
Subject1,Suit,Walk,1304.5,0.5817730623753347,72.06666666666666,0.041193668292169,61.23,0.00038878822627688085,0.0004191032616859903,4.9665287802503387e-05,5.118457987941474e-05,-4.133928645001944e-06,-3.5532615905951475e-06,-4.6768409082831387e-07,2.853880671945233e-07,300,5.232981347276783
Subject1,Suit,Walk,1319.5,0.5649760299467143,74.2,-0.03289370931902806,61.23,0.00039409058963887737,0.00039248657009621903,5.361796419593964e-05,4.9641871292125384e-05,-2.91090767354459e-06,3.9060284170710125e-07,-2.968490259282443e-07,1.9131755157657442e-08,315,5.345580954537017
Subject1,Suit,Walk,1334.5,0.5699231363757158,73.73333333333333,0.0945601511650872,61.23,0.0003619152105692631,0.0004103554595006569,5.139276293544248e-05,4.4021687397086013e-05,-1.964595387443168e-06,6.500426860284061e-06,6.242349416040737e-07,5.937956960106157e-07,330,5.331237951097128
Subject1,Suit,Walk,1349.5,0.565986748894856,73.6,0.22040769603503668,61.23,0.0003963080311696842,0.00041259309693694583,5.7336641267261875e-05,4.714069929321868e-05,-7.234854764767445e-06,-6.381943944332503e-06,-1.4010051683093048e-06,1.6378612666991967e-07,345,5.331506291571831
Subject1,Suit,Walk,1364.5,0.3935063972472215,73.0,-0.04645001730714898,61.23,0.00028794030429332983,0.00039304531234654263,6.633714740474076e-05,4.6340199284923064e-05,5.510047027904606e-06,-3.2708371220010675e-06,-1.1858871400405377e-07,5.002907982185625e-07,360,5.041279843925288
Subject1,Control,Wheel,647.5,0.07849011321718863,31.466666666666665,-0.44754891889652787,61.23,0.00019113100426379376,4.700205245246656e-05,4.027064987571964e-05,1.0188856670222268e-05,8.707158219575004e-06,9.712672904980973e-06,1.722834808050895e-06,7.569281697327288e-07,0,1.825310378120759
Subject1,Control,Wheel,662.5,0.11089164752004584,34.86666666666667,-0.03542047855406117,61.23,0.00016367878788494658,0.00018004650295637919,4.3953338063206746e-05,1.6854691957979927e-05,8.087116279892699e-07,1.2106398829532762e-06,-3.325954008625593e-07,-3.521647800533209e-07,15,2.1347763065543575
Subject1,Control,Wheel,677.5,0.05589256052784712,43.0,-0.05319562542372044,61.23,9.728581874774986e-05,0.0002585373182299945,2.2756502357737996e-05,1.5396847156203785e-05,-5.693554566138285e-07,-2.50019034077035e-06,1.6008816325845573e-07,7.465506682971666e-08,30,2.6016162050031264
Subject1,Control,Wheel,692.5,0.2861576457813116,43.333333333333336,-0.04211946655703902,61.23,0.00019549577772819468,0.00042333059600879936,4.1120054786998986e-05,2.857009884255153e-05,-1.6504586631862318e-06,7.263161710283327e-07,-5.6893548952973854e-08,-2.965388479166535e-07,45,2.9318455579384306
Subject1,Suit,Wheel,547.5,0.0660867303526884,54.13333333333333,-0.1276112594921469,61.23,0.0002872198507006811,9.066582082946462e-05,4.008608453872836e-05,2.8644980354294484e-05,9.003659299696684e-05,0.00012572923681147244,3.842714005890737e-06,9.986427836809207e-06,0,3.350932263370126
Subject1,Suit,Wheel,562.5,0.08365712339278714,58.266666666666666,-0.2541061639176897,61.23,0.00018443813441404322,0.00029495689177259774,7.41332686784456e-05,2.480948381735483e-05,8.421538555070592e-07,2.4219728951680165e-06,1.9868885229341717e-07,4.304214253750939e-08,15,3.6407136489724206
Subject1,Suit,Wheel,577.5,0.07229175713165407,58.13333333333333,0.10260009960595402,61.23,9.775019642895411e-05,0.00039547950845309957,4.43443853332093e-05,4.512074087227026e-05,7.51151585169775e-08,-4.775853011193892e-06,-1.0060349492161858e-08,-1.218521647636186e-07,30,3.648859262951885
Subject1,Suit,Wheel,592.5,0.113933270154832,63.75,0.0,61.23,0.0001877157551419665,0.0003568650740932542,2.5983538273401886e-05,1.9429758425258837e-05,-3.988320982334989e-06,-8.023382311000557e-06,-8.124414675620514e-07,3.379979688940695e-07,45,4.067033538577455
Subject2,Control,Dummy,601.5,1.4423021706137333,42.86666666666667,-0.1602891137539816,78.02,0.00035534093081159067,0.0002126392261018465,5.923696960449726e-05,6.353116196394325e-05,1.2780741851920781e-05,2.400349735972677e-06,4.0548790113738157e-07,5.149521689138337e-07,0,5.290955822252293
Subject2,Control,Dummy,616.5,0.7337313217018028,47.166666666666664,-0.31739278017106093,78.02,0.00020209753208139943,0.00011452737737137376,5.379419842056335e-05,2.4326686518869328e-05,1.62502933243896e-06,-3.954816826968992e-06,1.1203185498406077e-06,4.361055785307967e-07,15,4.647822409583848
Subject2,Suit,Dummy,864.5,1.2109348748953346,48.0,-0.08463308986138829,78.02,0.0003155300175202319,0.00022724379628117153,8.301263398307258e-05,9.927313325509391e-05,2.1005225459744278e-05,0.00014819156517394385,4.12090270260938e-06,4.512312166787778e-05,0,5.345194770814311
Subject2,Suit,Dummy,879.5,0.26050168621397773,54.142857142857146,-0.2502568971017605,78.02,0.0002362690634331313,0.00013597003948032376,3.267024822244557e-05,3.5121160187830236e-05,-4.3026136304043175e-07,4.931070897349693e-07,-1.0368205496209823e-07,-1.1243126245639563e-07,15,4.519014040099434
Subject2,Control,Fire,567.5,0.4711753214268922,52.0,0.09842716419053152,78.02,0.00017394261688678396,7.387032505758428e-05,3.6851788248935745e-05,2.7150468536287987e-05,8.34131585517735e-06,2.3776668790652405e-06,1.8398249132697165e-06,-1.9683616834173772e-07,0,4.669237917761862
Subject2,Suit,Fire,797.5,0.46407783452834245,63.6,-0.014922157604852122,78.02,0.00014044901099013584,9.185862930151667e-05,3.6798532235751e-05,5.3094619421624226e-05,8.884338919317495e-06,1.0865992321176507e-05,2.0005205603529088e-05,9.415923350389322e-07,0,5.418761599103329
Subject2,Control,Jog,88.5,2.7043535209946286,33.93333333333333,-0.6103674250892399,78.02,0.000334092180640072,0.00017078395629042693,7.464508082570607e-05,6.30098451165502e-05,0.00037100461123769845,1.179776542427225e-05,2.1347794383904245e-05,-1.5170136210145813e-06,0,6.255035994278887
Subject2,Control,Jog,103.5,2.816008399977172,53.46666666666667,-0.4580595106319557,78.02,0.0003449265859591669,0.0001536330866898229,7.04565156937097e-05,6.397810065855704e-05,4.2117739043414104e-06,2.5435487062769433e-07,1.3340075609286282e-07,-6.394299099304767e-07,15,7.7060132203156675
Subject2,Control,Jog,118.5,2.877195058472444,61.86666666666667,0.10424397106832502,78.02,0.00033873755057683605,0.00016268286756347924,7.068074284039958e-05,6.363086361680392e-05,4.651297993081204e-06,4.813319867505692e-07,-4.1589250487877903e-07,-1.3189489707196635e-06,30,8.392461952630384
Subject2,Control,Jog,133.5,2.840932054025378,67.33333333333333,0.4148915580420005,78.02,0.0003697067678448274,0.00016083984026701775,6.846622144385123e-05,6.199223962355693e-05,1.3457162410695593e-05,-5.277435125923574e-07,-3.5116908418744156e-07,8.221661050501507e-08,45,8.739267057345918
Subject2,Control,Jog,148.5,2.8666489926464456,73.6,0.3126398005730964,78.02,0.00044034902895480674,0.00016153757589141876,6.554215156587024e-05,5.889924043874289e-05,-4.144706976365211e-06,1.670618702574985e-06,3.8410119525826416e-07,6.569959535321299e-07,60,9.182347961857436
Subject2,Control,Jog,163.5,2.939943888874879,75.66666666666667,0.6222104031809711,78.02,0.0005365195354751309,0.00015955431408093467,6.460578409282861e-05,5.858553595081324e-05,-1.897768485862271e-07,2.2507003035117877e-06,4.514623214998316e-08,2.561541272090142e-07,75,9.446545110339981
Subject2,Control,Jog,178.5,2.912260099194524,77.6,0.6243103137538253,78.02,0.0005733523574390381,0.00015515722873844402,6.211878783517381e-05,5.654117935032681e-05,-1.8749127260993994e-06,2.086589723964127e-06,8.665818531280025e-07,-1.3239870065807377e-06,90,9.541757760287666
Subject2,Control,Jog,193.5,2.9554855300014906,79.26666666666667,0.35313569611988843,78.02,0.0005360568358894224,0.00016195734899257936,6.393951365825308e-05,5.96454281645546e-05,-8.044369097085867e-06,1.5957513870842296e-06,-8.285203035484468e-08,1.1480317117834451e-06,105,9.68045386805611
Subject2,Control,Jog,208.5,2.9427530407238853,78.8,0.5643380410634913,78.02,0.00046062820610216917,0.00015924957385767837,5.960009929652865e-05,5.157034858429132e-05,-3.7271909515885454e-07,-6.490972526200757e-08,5.570884884385921e-07,8.22444731978203e-07,120,9.647579261573611
Subject2,Control,Jog,223.5,2.883558574804055,79.0,0.5915137785310866,78.02,0.0005034615893874964,0.00017508050566971664,6.124324982741486e-05,6.329695344877231e-05,8.048352667310874e-08,-3.453424868152153e-08,8.309948782935673e-07,5.16792762671037e-07,135,9.592015978804783
Subject2,Control,Jog,238.5,2.912220981415326,82.33333333333333,0.5262339633493174,78.02,0.0004936100423753861,0.0001598247827962508,6.405569290464857e-05,5.846453053235048e-05,-5.851118628126819e-06,1.2069865297071855e-06,8.85809148237701e-07,5.311372079705998e-07,150,9.842160724626815
Subject2,Control,Jog,253.5,2.916858195744707,85.06666666666666,0.12872412648468523,78.02,0.0005862858594197882,0.00014924142096745256,6.103365414759475e-05,6.088220756761102e-05,8.855470899053623e-06,-2.4942256728508155e-06,-2.761304207289716e-07,5.620425215409776e-07,165,9.997981431279138
Subject2,Control,Jog,268.5,2.950365404040807,84.0,-0.22426573125086158,78.02,0.00047737000057702147,0.00014866134823510798,6.601806303745575e-05,6.0575810582113375e-05,6.610693581186255e-06,-3.714938700076972e-06,3.5466413781786325e-07,1.6739301561390901e-06,180,9.930847224574551
Subject2,Control,Jog,283.5,2.9038291872283013,84.93333333333334,0.14475070685492042,78.02,0.00046770365909769686,0.00015872867270375798,6.196442694446278e-05,5.9135322425690126e-05,3.0034313156044775e-06,1.5231309627419087e-06,-1.1966833606840868e-06,4.573906194761687e-07,195,9.967268471172643
Subject2,Control,Jog,298.5,2.9414035392625095,85.46666666666667,0.10700025005663907,78.02,0.0005169675385416995,0.00016157372916036767,6.290688272840331e-05,5.862833367884963e-05,-4.7465014941542116e-07,-3.238864423937227e-06,-1.0090531773670486e-07,7.158192150861783e-07,210,10.050021774784122
Subject2,Control,Jog,313.5,2.931904038663122,85.8,-0.122196836621241,78.02,0.0004165702217295032,0.0001519817716455089,6.878385270588386e-05,6.453652118500124e-05,-9.307974248529203e-06,-4.783665294027489e-07,8.059919947297936e-07,1.2433535848469182e-06,225,10.032854181640609
Subject2,Control,Jog,328.5,2.928199813746266,87.2,0.15587643504732487,78.02,0.0004546034943829959,0.00015815692402587012,6.660010354090391e-05,6.488661631133255e-05,1.6149700983332267e-05,-3.7778572917281896e-06,6.770562900080378e-07,2.747666900217098e-07,240,10.149074008578047
Subject2,Control,Jog,343.5,2.94579688970913,87.93333333333334,-0.10384663042160774,78.02,0.0004988747521045684,0.00014375896128627323,5.91605052607525e-05,6.229264671830659e-05,-7.344089720906531e-06,-6.696976155109118e-07,5.184667919571026e-07,5.08704612647935e-07,255,10.197832783901722
Subject2,Control,Jog,358.5,2.9403156277945848,87.26666666666667,-0.06835016439675967,78.02,0.00047376001367088646,0.00014077363669027785,6.062694191986732e-05,6.175159162682853e-05,4.394831868414942e-06,7.078993108268968e-07,-4.79469994873229e-07,-4.376700524145696e-07,270,10.148285183945402
Subject2,Control,Jog,373.5,2.929401668544531,87.66666666666667,-0.11060767359628572,78.02,0.0004703934562794229,0.0001449652604929926,5.9310459773436005e-05,5.6836909017707314e-05,-6.594400565972782e-06,1.2036345213016096e-06,3.370468506559372e-07,1.0944024582652417e-06,285,10.1569135234131
Subject2,Control,Jog,388.5,2.810612463370175,88.66666666666667,0.1695880102418767,78.02,0.0004057479649336207,0.00015828006993550317,6.411288247716818e-05,6.304043297293027e-05,-5.876653450394946e-06,2.4567925879871333e-06,1.2960487131402438e-06,8.988024421387588e-07,300,10.095346473849347
Subject2,Control,Jog,403.5,2.900798557855523,87.73333333333333,-0.08209721597566103,78.02,0.0004989298903061209,0.00016049306978124003,5.9883250922889335e-05,5.850737026667643e-05,7.75008265894459e-06,-1.5183599757555213e-06,1.2883897171722464e-06,9.99752175178184e-07,315,10.130236498097645
Subject2,Control,Jog,418.5,2.815144224818101,89.26666666666667,0.08259304949574102,78.02,0.00046936600897448243,0.00015877750191062095,6.711985192409598e-05,6.0942174994798824e-05,-9.530001739783868e-06,-2.117607128483112e-06,-1.0065938589051773e-06,-9.02985984788398e-09,330,10.136918065828937
Subject2,Control,Jog,433.5,2.889679692953053,90.0,-0.2900421059318972,78.02,0.000499509225258001,0.00016535502372684984,6.293847407490603e-05,6.428672268360461e-05,1.3111927821145975e-05,-1.9242194993362905e-06,3.284743794370157e-07,3.8220147015532605e-07,345,10.24796255211491
Subject2,Control,Jog,448.5,2.9042718176835303,90.0,0.0,78.02,0.0005317191871249775,0.00015488605456717968,5.358559643718051e-05,6.338971312696431e-05,-2.0855816040506913e-07,3.848083147270962e-06,-1.0102803238628014e-07,1.760328812576532e-06,360,10.294110469048789
Subject2,Suit,Jog,179.5,2.668298602677944,31.4,-0.324077630274463,78.02,0.0004555474863859059,0.00021858588044169677,0.000135214511410412,0.00012502757382379783,0.00011928792570881926,0.00014219583829671128,1.686622052730006e-05,-8.342730873470735e-10,0,6.081521587162288
Subject2,Suit,Jog,194.5,2.7158459748289934,60.2,0.28883663193264664,78.02,0.000498827891680207,0.0002950249287722272,0.00013180369597517032,0.00012893203171598542,1.4035388330140173e-05,8.525123010435943e-06,7.880894957710797e-07,1.5004551002765125e-06,15,8.114730483786653
Subject2,Suit,Jog,209.5,2.6994910389867517,74.4,0.3621546028624461,78.02,0.0005237991754194443,0.00026262691213147036,0.00012692370177124895,0.00014083081668109985,-5.909799440150885e-06,-3.484289577527259e-06,2.0040524935775308e-07,-5.914652395330804e-07,30,9.042709527902606
Subject2,Suit,Jog,224.5,2.652587426925069,80.33333333333333,0.2356774274668853,78.02,0.0004968059363242105,0.0002226784667264923,0.00013548774263621305,0.00014011892285146,-6.7928948617476265e-06,-6.388932950121679e-07,3.7963893758142827e-06,1.1867383961149322e-06,45,9.36199704390991
Subject2,Suit,Jog,239.5,2.663529026170802,86.26666666666667,0.4385351890204545,78.02,0.0004464856994724651,0.00020910300496844623,0.00013251648091443713,0.00013816333650113724,-2.795824161212626e-06,9.140821508755402e-07,-1.2090107281039e-06,2.460838065678517e-07,60,9.78414889317078
Subject2,Suit,Jog,254.5,2.6974701421741316,89.86666666666666,0.44027282777568727,78.02,0.0005957395615172069,0.00024387801870641166,0.00013079719909732873,0.00013595967814063396,-1.1783091604087689e-05,-8.504645889165501e-08,2.1108105475877113e-06,-9.490337478537684e-07,75,10.076838640105704
Subject2,Suit,Jog,269.5,2.7715486269821223,90.93333333333334,0.35583979400454135,78.02,0.0005245596671320219,0.000254684991928297,0.00013869228532114997,0.0001387094766438092,-6.311230351275295e-06,-5.152861130150514e-06,2.5066810994409787e-06,6.25200890097911e-07,90,10.230375109149
Subject2,Suit,Jog,284.5,2.6902237779478484,88.66666666666667,0.19194948852918314,78.02,0.0006770893566013098,0.00024224155838808778,0.00012563878296686324,0.00014459610714712172,9.260758979247494e-06,4.193069247348035e-06,-5.993124943205768e-07,2.489832682735375e-07,105,9.97015647023818
Subject2,Suit,Jog,299.5,2.7928881912475365,85.53333333333333,0.40777609225273137,78.02,0.00045141837804510486,0.0002866649356363562,0.0001310136744578481,0.00013931955752244374,-3.8354965882252285e-06,-9.012361875718335e-06,2.3949514117053743e-06,-2.0316695807110093e-06,120,9.900723105183728
Subject2,Suit,Jog,314.5,2.8002650008489827,84.26666666666667,0.38445144437104517,78.02,0.0003717707204720466,0.0002636656949901288,0.00012555019619371914,0.00013368722305845274,1.0692384167245533e-06,2.461945822335815e-06,-1.0020272512868515e-06,1.3144915884005423e-07,135,9.817546872744723
Subject2,Suit,Jog,329.5,2.864824773492988,85.46666666666667,0.3925913524055061,78.02,0.00037508309697026544,0.00023532608778625594,0.0001216965950756751,0.0001353254800154894,2.858659834461946e-06,-2.1697917563267698e-06,2.598133573179063e-06,-8.699742978472737e-07,150,9.978484211982762
Subject2,Suit,Jog,344.5,2.8107216333935856,95.0,0.16359027029718148,78.02,0.00029290613695774365,0.00024720404983076354,0.00013105029066559008,0.0001405690912760462,-5.846195575433139e-06,-1.8192501324501184e-06,5.917308777167655e-07,1.6957459981677112e-06,165,10.517322267767897
Subject2,Suit,Jog,359.5,2.8074366721474253,102.86666666666666,0.3289860397690395,78.02,0.0003966510131496172,0.00023145435370413377,0.00012788383180559746,0.00014307475699014015,-1.1468211526491145e-05,5.2178456458154674e-08,-2.0836692811655114e-06,-2.0548665819002226e-06,180,11.055680406049014
Subject2,Suit,Jog,374.5,2.8643344067982293,103.33333333333333,0.387363154923352,78.02,0.0002966520252682957,0.00021897505380023979,0.00013539066833935626,0.00014747934066613086,-1.3485048580514155e-06,2.606543858957284e-06,-7.857982700973184e-07,2.58436497679417e-06,195,11.157870713917513
Subject2,Suit,Jog,389.5,2.874809717865435,104.13333333333334,1.4990505564794716,78.02,0.00031474346954435504,0.00021255788781392334,0.0001340686225535772,0.00014859632693010438,-1.1172267168212808e-06,2.850952538295199e-06,-1.4203332290679704e-07,1.0635094475199653e-06,210,11.326986609508054
Subject2,Suit,Jog,404.5,2.7796782218334446,106.0,0.5907842850966035,78.02,0.0003128368783553683,0.00023867063312099909,0.00014076434222310016,0.0001534771678928678,1.3414431990489622e-06,3.4034711654140284e-06,-2.972374830532053e-07,-6.197194983543495e-07,225,11.248385563476194
Subject2,Suit,Jog,419.5,2.7948160407677247,106.0,0.35410960471310776,78.02,0.0003130466815724397,0.00022968938010586577,0.00014239549829182633,0.0001426285061209021,4.101171912258788e-06,-2.0210192365398498e-06,-4.813753941955236e-06,-2.583269054664067e-06,240,11.245255209656559
Subject2,Suit,Jog,434.5,2.807786990618433,106.53333333333333,-0.2877080915284293,78.02,0.0002759910366102891,0.00022187836482866365,0.00013954471765473638,0.00014099260278680367,-3.3204085287874218e-06,-5.513806316564027e-07,2.8756373473784856e-07,4.1056072491033937e-08,255,11.235384747051354
Subject2,Suit,Jog,449.5,2.8699803964630117,107.46666666666667,-0.4905501769937603,78.02,0.0002591563939709469,0.00021234026299351313,0.0001323344701791593,0.0001452194576582639,-1.7926659632180254e-07,2.990842258069786e-06,2.2366134307732684e-06,7.0077973247408e-08,270,11.355855658714695
Subject2,Suit,Jog,464.5,2.860624402057969,109.0,-0.24511792833363705,78.02,0.000268683942803905,0.00021956872062289074,0.00013856964519687464,0.00015539248823074933,-1.2442461777942876e-06,2.5526157713284887e-08,1.272110993947337e-06,7.813701994310613e-07,285,11.469682264862817
Subject2,Suit,Jog,479.5,2.9006983334160306,108.93333333333334,-0.10540870761246388,78.02,0.00025731572207940174,0.00020249761291674654,0.00014905820402114577,0.000149352731984792,-1.0560046094836406e-06,-3.3297347989691246e-07,-3.9310160535657217e-07,-4.678304732673081e-07,300,11.527705597733146
Subject2,Suit,Jog,494.5,2.9035439571479404,108.86666666666666,-0.45855418113859836,78.02,0.0002590738655934224,0.0001964588326847626,0.0001413096074468254,0.00013794491452889175,1.6524831896303329e-06,-1.6829002795682577e-06,-2.1912676650833125e-06,-2.0392435912681217e-06,315,11.493679681939652
Subject2,Suit,Jog,509.5,2.8658455990657683,110.66666666666667,0.12000075381822599,78.02,0.00025247244379396886,0.00019537777464542858,0.00013909446952987037,0.00013944731113409815,-2.181454241256139e-06,-8.169356726703078e-07,-4.259161222005546e-07,-1.1401336490623648e-06,330,11.617832187354308
Subject2,Suit,Jog,524.5,2.830757836143792,112.0,-0.15343268878180136,78.02,0.0002596292091341514,0.00019266576747432263,0.00014101902394510687,0.0001346936722492513,-1.5080028271571367e-06,1.1010923498401042e-07,1.9151150572566963e-06,4.454849322481141e-06,345,11.63696728302907
Subject2,Suit,Jog,539.5,2.8344317649143367,112.0,0.0,78.02,0.00026474095123379227,0.0001988749661873523,0.00015904865973248843,0.00013268028109898915,-1.7251959885815684e-05,1.7473756207836159e-06,3.5029892306213646e-06,6.228417122664572e-06,360,11.657071977332787
Subject2,Control,Stairs,720.5,1.5091909268977755,39.13333333333333,0.1781826080677393,78.02,0.00036400666954013893,0.00019945396560204392,6.826446527601422e-05,6.739140781409949e-05,2.426694426252348e-05,2.9946927898306952e-05,7.5494830829944376e-06,-1.7668186539555849e-06,0,5.159593957632094
Subject2,Control,Stairs,735.5,1.568795522017479,47.93333333333333,0.32551394937229294,78.02,0.0003857086926953712,0.00018911345599801675,4.922062579522049e-05,6.593030421033866e-05,4.5862407440107715e-06,-9.604113680166533e-08,-1.300235839837932e-07,1.36665005344843e-07,15,5.832386622342678
Subject2,Control,Stairs,750.5,1.5572764839657829,64.2,0.1719822980559955,78.02,0.0003989060531473212,0.00017541844785614477,4.258539044476e-05,6.540063050715195e-05,-1.0431181528834449e-05,3.2945892351421057e-07,5.785146550295347e-07,9.706064948416167e-07,30,6.882562975691736
Subject2,Control,Stairs,765.5,1.5274813564043206,72.66666666666667,-0.4191537899151764,78.02,0.00040926585851098525,0.00016929885862762312,4.074536652605894e-05,6.32711879971732e-05,-4.462217927489724e-06,5.140676937616066e-07,-1.6507638717158703e-07,4.0893720294284907e-07,45,7.3523727467075135
Subject2,Control,Stairs,780.5,1.4880686667975247,78.86666666666666,-0.513253648030836,78.02,0.00043579470954161544,0.0001691329163458133,4.2153221240175744e-05,5.6902034989295646e-05,-7.737598859021823e-06,-1.7381994299090227e-06,-1.9479098828108484e-07,3.3231780098973737e-07,60,7.706546491381329
Subject2,Control,Stairs,795.5,0.8369983261037004,80.85714285714286,-0.47573507522669495,78.02,0.00029747114131994685,9.52350086149575e-05,1.3824824096534848e-05,1.8307913878675198e-05,-4.017422967070666e-06,1.77812922977887e-06,-1.3222813807325197e-07,-1.3221058276714041e-06,75,7.0020598459167305
Subject2,Suit,Stairs,1012.5,1.488464653872703,51.266666666666666,-0.2840204021389885,78.02,0.0003609684570516149,0.00023325121809594318,5.605138150364357e-05,5.680308824114933e-05,2.173787276088939e-05,0.0001633298591340942,1.3101291991512942e-05,9.599799592371365e-06,0,5.896375780732416
Subject2,Suit,Stairs,1027.5,1.3824521416155737,69.86666666666666,-0.4608839501386685,78.02,0.00035848782099686776,0.00020174252125356498,5.221376699469584e-05,5.504447837174758e-05,4.002137569831014e-06,4.439370724795857e-06,-3.440328806300198e-07,-1.263707682113169e-06,15,6.977629446233734
Subject2,Suit,Stairs,1042.5,1.3696400320836852,90.06666666666666,-0.3155551763178389,78.02,0.00033622936148203523,0.00020847079060837755,5.498095367813355e-05,5.7133062148789394e-05,1.8435467121035903e-06,-4.004655719628016e-06,1.7289199479279797e-07,-2.4357236558880326e-07,30,8.313790455676948
Subject2,Suit,Stairs,1057.5,1.378561975124792,97.92857142857143,-0.48990234532638366,78.02,0.00027458085325399254,0.0001718201865129975,2.6632499448658902e-05,5.008748371727329e-05,2.6109106827330103e-06,-5.2496455874329355e-06,5.20910831607187e-07,4.5956730781918976e-08,45,8.823639252983504
Subject2,Suit,Stairs,1072.5,1.4480529111715363,103.3125,-0.2993315342910091,78.02,0.0003348880594278024,0.00019830044411790038,5.283088671916568e-05,0.00018860750500672533,6.340623632039154e-06,2.849036605876075e-06,3.044860019432976e-07,-5.981727571597962e-07,60,9.295976847128827
Subject2,Suit,Stairs,1087.5,0.8557113733118196,107.9,-0.12397337664446939,78.02,0.00019676821321580845,0.00014868659826854715,2.288198658623809e-05,7.200185957813106e-05,-2.959595803580883e-06,6.48900682146461e-08,-4.6756296796361237e-07,-6.483249663116674e-07,75,8.850052334164353
Subject2,Control,Walk,883.5,0.8647355453864124,32.93333333333333,-0.014804670627177755,78.02,0.00024200932145795724,8.772928307713924e-05,2.529318939387317e-05,2.0036816809088163e-05,1.9330892927849983e-05,8.284822547502469e-06,9.454978296113501e-07,2.0436724251532095e-06,0,3.897356753143548
Subject2,Control,Walk,898.5,0.8767829333538681,34.0,-0.26014229085970014,78.02,0.0002359120784932187,0.00010381207150635996,3.0456778326106156e-05,2.3393888600331732e-05,-1.0346441529752245e-06,4.292179234999146e-07,3.7754258178840087e-07,1.5740078699811256e-07,15,3.9615949200860667
Subject2,Control,Walk,913.5,0.8835396358251846,34.93333333333333,0.3261572616505105,78.02,0.00022303024872950936,9.127346732347287e-05,2.6630895460892266e-05,2.2129806477038174e-05,9.843905621079134e-07,-1.020365106726044e-07,-1.8652971867094525e-07,-3.905032862577562e-07,30,4.084273303712081
Subject2,Control,Walk,928.5,0.8670463319827052,38.0,0.4264619183125916,78.02,0.00021347962402446828,8.80980045991173e-05,2.5244248042148474e-05,2.5793916030517995e-05,-1.554207413353087e-06,1.740248496459936e-07,1.222962852829888e-07,5.0507492470854175e-08,45,4.2752734780633075
Subject2,Control,Walk,943.5,0.8398723408542075,37.333333333333336,0.33616384773488067,78.02,0.0002122706641543055,8.424399602006844e-05,2.6873482252132923e-05,2.2068862967832765e-05,-2.3627016751937597e-06,-3.390700392932992e-07,5.483637046966139e-07,-1.1836328349095625e-07,60,4.188024594655528
Subject2,Control,Walk,958.5,0.8547549240974897,35.8,-0.2760453566125427,78.02,0.00020322899266855175,9.491619333884976e-05,2.750624230298347e-05,2.387260795270504e-05,-1.3604486096977275e-06,3.567373263204044e-07,-2.1652365457920566e-07,1.8439102667469612e-07,75,4.049049931660797
Subject2,Control,Walk,973.5,0.8759166638916585,35.2,-0.36737200289862354,78.02,0.0001982096155561794,8.821706774173254e-05,2.7816131359075743e-05,2.2176343585838412e-05,1.0163639547687134e-07,-7.951986438815494e-07,4.821696395101482e-07,1.1040813772506344e-07,90,4.027051811824162
Subject2,Control,Walk,988.5,0.8784818061262326,36.86666666666667,-0.020560515471551615,78.02,0.00021076992246903402,8.73234952952137e-05,2.614465865677882e-05,2.3367997968660572e-05,-4.686152631895804e-08,-1.443131538594397e-06,-1.5360124025784427e-08,-2.2774707176934444e-07,105,4.1733619848313275
Subject2,Control,Walk,1003.5,0.8520630631160112,37.86666666666667,-0.0420072156690599,78.02,0.00019527343317307647,8.600586732413245e-05,2.6266485258055417e-05,2.1601010532555756e-05,-2.59895216418849e-06,-1.712657514696807e-06,3.663857757134619e-07,-1.228066453684518e-07,120,4.2031712501650915
Subject2,Control,Walk,1018.5,0.8711013886738902,36.4,0.20514863781363432,78.02,0.00018647196999799063,9.225740798167392e-05,2.55928204359258e-05,2.161963262420114e-05,-4.481960224259714e-07,-1.3440296566952529e-06,3.5935540736182984e-07,-1.4454509864710372e-07,135,4.152433273495505
Subject2,Control,Walk,1033.5,0.8679269281119122,36.46666666666667,0.02845405877762454,78.02,0.00018405022490589683,8.701528941969031e-05,2.5780154110867436e-05,2.2551247681074253e-05,-1.36584963986006e-07,-2.3180255504427187e-08,-5.623737906549854e-07,-5.482987753208424e-08,150,4.136250183478546
Subject2,Control,Walk,1048.5,0.8692468930940032,34.266666666666666,-0.03643167294814278,78.02,0.00020977933066034608,9.755249233698015e-05,2.5507855583599186e-05,2.3216652687713585e-05,-1.3306031895253043e-06,-7.563709713742428e-07,-6.969724234526357e-08,-1.4348356904860332e-07,165,3.9881233395270845
Subject2,Control,Walk,1063.5,0.8609110405191881,33.0,-0.03572861361992162,78.02,0.0001904439026753486,8.309847184901767e-05,2.8264281434952063e-05,2.141237743601661e-05,-1.5700316899100015e-06,5.717364298590487e-07,2.8702556770678558e-08,4.0948476613552857e-07,180,3.8917937009548913
Subject2,Control,Walk,1078.5,0.8760779342733795,35.86666666666667,-0.03643387030097468,78.02,0.00019624960733161952,8.292987676486884e-05,2.5496304108637003e-05,2.0669225382020774e-05,2.072363723136962e-06,1.0774502758132279e-06,-3.5599088620570744e-07,-3.117245957732913e-08,195,4.101326409744736
Subject2,Control,Walk,1093.5,0.8670911437782827,36.46666666666667,-0.037038634481868345,78.02,0.00019127160180202493,8.986512198007538e-05,2.5524558813429525e-05,2.2222278385203847e-05,-1.9469285118149174e-06,-1.2227806153623514e-06,-2.812238690080002e-07,-2.3268197024788858e-07,210,4.129741050355643
Subject2,Control,Walk,1108.5,0.8753553606078778,36.4,-0.037566188553484654,78.02,0.00018164940669961746,9.206274923833475e-05,2.3115572664962568e-05,2.0183001513401004e-05,-1.162676618655367e-06,-1.105396616687127e-06,-6.321604784641503e-09,1.4416722598570772e-07,225,4.135108416005632
Subject2,Control,Walk,1123.5,0.8504977845329618,35.0,-0.03801089992180491,78.02,0.00018979963677108382,9.138550167412488e-05,2.518130897847489e-05,2.5800729153630148e-05,1.5175833464097627e-07,4.4540115220703885e-08,2.533465791064877e-07,-2.4065794308077204e-07,240,4.011374254897222
Subject2,Control,Walk,1138.5,0.8634694256166066,35.06666666666667,-0.03836357404562842,78.02,0.0001765661882783156,8.476505936383024e-05,2.8312586388805625e-05,2.160329379439565e-05,-1.3425032374926956e-06,1.0688886467499405e-06,-2.0101113482278933e-08,2.5585493338311e-07,255,4.031122639757906
Subject2,Control,Walk,1153.5,0.8980333337846121,36.0,-0.03861031864238526,78.02,0.0001684150549909091,8.875802651892903e-05,2.6448454579842388e-05,2.1216842787944852e-05,6.126577648946402e-07,5.730056596925148e-07,5.4845327172220685e-08,4.027402588566915e-08,270,4.136445684182498
Subject2,Control,Walk,1168.5,0.8866255367518572,36.733333333333334,-0.038763443776609924,78.02,0.0001664321507559132,8.88417642165741e-05,2.7814288012081373e-05,2.1537330780643874e-05,-4.091745626206477e-06,2.491033967779836e-07,2.0971313382839976e-08,6.291859148786112e-07,285,4.170560169735473
Subject2,Control,Walk,1183.5,0.8958079573773408,35.4,-0.038426730430091594,78.02,0.00018475120811699318,8.41106454246817e-05,2.5686524923043595e-05,2.1117217087366527e-05,6.654173928701995e-07,1.6965498944684895e-07,-6.396169433850632e-07,-5.617854533792902e-07,300,4.094581795124345
Subject2,Control,Walk,1198.5,0.871607294688114,35.0,-0.05499561450143844,78.02,0.00017669033921841862,8.677999869939684e-05,2.5752818560300922e-05,2.11724401396447e-05,5.624482658282403e-06,-1.3411810922027185e-06,8.74997736693617e-08,-4.845233824206494e-08,315,4.035474097450005
Subject2,Control,Walk,1213.5,0.8609022799826316,34.0,0.3106028311012502,78.02,0.00018630476130406643,9.74393073978844e-05,2.4617613276316603e-05,2.319097180701164e-05,-5.419826144347775e-06,9.433805341265145e-08,-3.6916173876579405e-08,5.534260867267914e-07,330,3.990205982292008
Subject2,Control,Walk,1228.5,0.8771101368017266,34.333333333333336,-0.049477951039078226,78.02,0.00017584957183108132,9.005892412643466e-05,3.0622770713190566e-05,2.557358043458602e-05,5.497852009545483e-07,-5.814709973170622e-07,-2.0315515890689905e-07,-4.829820843796999e-08,345,3.9991700128968217
Subject2,Control,Walk,1243.5,0.8360011961292978,35.666666666666664,0.0,78.02,0.0001559491707954101,8.579078724356544e-05,3.2826762822236205e-05,1.9790826295854935e-05,-5.3896410824564286e-06,-1.5450494306997608e-06,-1.178226999702843e-06,9.527373248872081e-07,360,4.038548872671371
Subject2,Suit,Walk,1218.5,0.8560024747815862,59.666666666666664,-0.10510579000866574,78.02,0.00020306981263392728,9.85217296026656e-05,3.993627118064625e-05,3.3238353313840874e-05,7.59603105156668e-06,1.8668808836644957e-05,-2.58417454920486e-07,2.8614669326971657e-06,0,5.650434098473328
Subject2,Suit,Walk,1233.5,0.8764180514356448,62.46666666666667,-0.25687337545014965,78.02,0.00020666842231893752,0.00010595626746548349,4.081434664074544e-05,3.432181274433478e-05,3.537282345165097e-06,4.4011994517890454e-07,2.6988108253460107e-07,-7.733791090423883e-08,15,5.848779619380247
Subject2,Suit,Walk,1248.5,0.8552383579283215,63.8,-0.3476429457030223,78.02,0.00019945685223379442,0.0001073833623042817,4.119370453092295e-05,3.35094189337594e-05,-6.239565974277399e-07,4.0235488252556507e-07,4.800574617138225e-07,5.044250481427461e-07,30,5.901659026594397
Subject2,Suit,Walk,1263.5,0.8653644320585657,65.26666666666667,-0.006008681983948253,78.02,0.00020504971817160694,0.00010942156282651549,4.411715575176145e-05,3.62251976020423e-05,3.3815186529248906e-06,-1.4591816725026867e-06,3.540813259103179e-07,4.5060537146821025e-07,45,6.043773756538093
Subject2,Suit,Walk,1278.5,0.8564119395251336,66.26666666666667,-0.018288105227441228,78.02,0.00020915571319697415,0.00011980983765196346,4.4517370884555185e-05,3.2348406432153174e-05,-2.6748488658413603e-06,1.4584244863777703e-06,-6.199585455347175e-07,-3.325263876744859e-07,60,6.09829814708852
Subject2,Suit,Walk,1293.5,0.8728026863829547,66.66666666666667,-0.022311518202057422,78.02,0.00019421716805891528,0.00011623607230112914,4.300800985713121e-05,3.250145497073029e-05,-1.1883284654686599e-07,1.7824604776254012e-06,3.036480852500671e-07,-1.2661202696098957e-07,75,6.14409925402623
Subject2,Suit,Walk,1308.5,0.8892482657068306,64.46666666666667,0.09209394423144641,78.02,0.00020140573400011133,0.00010756414862646328,4.152299453884051e-05,3.0639907926860256e-05,-1.810694236078343e-06,-1.1526413351172022e-07,4.4153816193777e-07,-1.8459580993614808e-07,90,6.029430306898629
Subject2,Suit,Walk,1323.5,0.8896662516706841,65.33333333333333,0.23360465645344194,78.02,0.00019669875030057057,0.00010884874489808371,4.034581398545336e-05,3.22291319739242e-05,2.107169321800797e-06,5.034752965938979e-07,1.180698163279339e-07,-6.345743306924836e-07,105,6.100192771550772
Subject2,Suit,Walk,1338.5,0.8959927191943041,67.4,-0.04588898024501668,78.02,0.0002019931426845932,0.0001094837379016686,3.973027279042346e-05,3.155366264190858e-05,-3.24559526176548e-06,3.714795744293623e-07,-8.399991309826999e-07,-4.207036516290795e-07,120,6.21997395158136
Subject2,Suit,Walk,1353.5,0.90794215221655,69.73333333333333,0.2050545689335345,78.02,0.00020363666183194305,0.00010763844604630116,4.038502268004263e-05,2.9746880424840915e-05,-1.1458093189145968e-06,-2.7215183730085713e-06,-7.153760468345373e-08,5.020559529778369e-07,135,6.412927452145657
Subject2,Suit,Walk,1368.5,0.8956126897705837,66.8,0.10875728942136251,78.02,0.00020539672875615538,0.00010984447691463952,3.940554183024684e-05,3.208439416098905e-05,-1.5897631324477445e-06,-1.4383087947087637e-06,7.186639765434401e-07,3.454994961967385e-07,150,6.194104600461485
Subject2,Suit,Walk,1383.5,0.8787061437642844,66.53333333333333,0.21299992306803792,78.02,0.00020953580829975835,0.00011494179985015746,4.381858638953359e-05,2.9840686797615208e-05,-3.201771178252714e-07,-2.614306762248795e-07,-4.397573598559579e-07,4.73274976634918e-07,165,6.165177791616973
Subject2,Suit,Walk,1398.5,0.8840952005864512,66.0,-0.0531936708217334,78.02,0.00020434506253196903,0.00011043772622356695,3.830298254821974e-05,3.182993340511053e-05,1.7153060682820028e-06,-4.767114184950527e-07,-5.575503715372999e-07,4.907610674753806e-07,180,6.111480394076387
Subject2,Suit,Walk,1413.5,0.8712927128640271,66.0,0.20036507794992314,78.02,0.0002047950577314394,0.00010670456141108619,3.731995872686014e-05,3.303552824592837e-05,2.438599803449891e-06,1.218246303683901e-06,5.765078312006087e-08,-6.790004687061621e-07,195,6.118341547144624
Subject2,Suit,Walk,1428.5,0.8931335258966272,66.8,0.02792938750350223,78.02,0.00019239081165075677,0.00010575035738022635,3.890471963967236e-05,3.0603548281360476e-05,6.294739001826297e-07,1.182777598532448e-06,5.112011411672137e-07,8.288117923703317e-08,210,6.182492018122599
Subject2,Suit,Walk,1443.5,0.8766275194255682,68.6,-0.04055500999443506,78.02,0.0001959866680378163,0.00010647038512066983,3.955740623995328e-05,3.268530633214992e-05,1.054787674237732e-06,-4.6144731600481337e-07,1.3430664357907044e-07,2.0943294236595558e-07,225,6.275011896231052
Subject2,Suit,Walk,1458.5,0.884647793316462,68.8,-0.04011346567245393,78.02,0.00020419095641854935,0.00010394136762120492,4.372637415099741e-05,3.5715858461281586e-05,5.662571138146222e-07,-3.5174465408499927e-07,-1.0161096467119013e-06,-1.2696763478073568e-06,240,6.299134513789293
Subject2,Suit,Walk,1473.5,0.8732879493926103,67.26666666666667,-0.0410073146922613,78.02,0.00020013733994403836,0.00010636951930252719,3.6746243884220074e-05,2.8573836012692622e-05,-2.330763923420242e-06,5.185232739705127e-07,9.016073961557669e-07,-1.4202855579570106e-09,255,6.18231135406396
Subject2,Suit,Walk,1488.5,0.8752831704151133,72.6,-0.04168328704247992,78.02,0.0002173126932254514,0.00010829406495368149,3.488833652096028e-05,2.798741394347375e-05,-2.236172557902937e-06,-4.468714568414693e-07,2.2746292463327475e-07,-4.6765014064394315e-07,270,6.539607032378668
Subject2,Suit,Walk,1503.5,0.8711360218516153,73.2,-0.04177592671917433,78.02,0.00021104278447696962,0.00010679734175909019,3.4978504639560285e-05,3.0942848850467194e-05,-3.026900720536864e-07,-5.408056561317775e-07,-9.799695976819756e-08,-2.2099748341303798e-08,285,6.573760740884237
Subject2,Suit,Walk,1518.5,0.8855471829100595,72.13333333333334,-0.05068750900486866,78.02,0.00019756028376648736,0.00010706065275363097,3.637310985344181e-05,2.640959117765063e-05,6.58598978866554e-08,-9.678705462904292e-08,-2.1551374375437112e-07,-3.52281763523219e-07,300,6.519599884888206
Subject2,Suit,Walk,1533.5,0.8661998154773001,68.6,0.18544278627759617,78.02,0.00020462919176573863,0.0001093163346948244,3.4641470190278506e-05,2.9661155474455002e-05,2.8324203642871094e-06,3.607216891287107e-07,-4.139572287155899e-07,-3.574040104595164e-07,315,6.282892386754994
Subject2,Suit,Walk,1548.5,0.85817080435489,70.8,0.033742783577023906,78.02,0.00020529063313977385,0.00010811899524573375,3.497227810365301e-05,2.745184580645239e-05,-8.042717434711132e-07,-4.459319719278009e-07,-1.6089002077816586e-07,1.0843079352001476e-07,330,6.404668925623169
Subject2,Suit,Walk,1563.5,0.8862895649952717,69.8,-0.044380230243432676,78.02,0.0002022003184260227,0.0001070247924680625,3.6265853691137203e-05,2.8260236863633176e-05,1.1774762217514923e-06,2.2105234780222708e-07,5.214950173502565e-08,1.6471870075482264e-07,345,6.366665194233923
Subject2,Suit,Walk,1578.5,0.8744730597814184,69.0,0.0,78.02,0.00022030719791270046,0.0001023652870142746,3.2376681032917014e-05,3.066578304374662e-05,7.4556013365549015e-06,2.3695424671887083e-06,3.798864161624643e-07,7.604454414186909e-07,360,6.30345581624555
Subject2,Control,Wheel,513.5,0.4425777361911256,55.666666666666664,-0.6883765515123105,78.02,9.892484257279425e-05,6.026279873388257e-05,1.3033716857858158e-05,7.4358415164014244e-06,1.5928374089810467e-05,2.5848592802650382e-05,3.6610518320284334e-06,9.4892198392361e-06,0,4.797198864957341
Subject2,Control,Wheel,528.5,0.37721563201990777,50.916666666666664,-0.4905767249709812,78.02,6.622518071126115e-05,5.043485542340932e-05,1.2041025707792696e-05,4.082972786389087e-06,3.7360126150933434e-07,-3.933030443943509e-07,3.674836140948437e-08,-2.5773711157621602e-08,15,4.414762750793162
Subject2,Suit,Wheel,741.5,0.29905089530571916,48.266666666666666,0.3013508195533406,78.02,0.00011775601926948285,4.6414125858727404e-05,2.4101436999323228e-05,1.0414324598489459e-05,2.1895719508661503e-05,2.4587110499630584e-05,4.6458542333397114e-07,1.5404799911079565e-06,0,4.216166534174019
Subject2,Suit,Wheel,756.5,0.30912860868716663,55.0,-0.13062105227784576,78.02,0.00010455597905560543,4.8444759329712144e-05,2.3714606204253333e-05,8.85917010415669e-06,-1.4516582866066733e-06,-4.2297920594219474e-07,6.111044248074607e-08,1.0271405466160461e-07,15,4.635195129075582
